koi_fpflag_nt,koi_fpflag_co,koi_fpflag_ss,koi_fpflag_ec,koi_period,koi_count,koi_time0,koi_disposition
0,1,0,1,32.440348264868774,3,133.41872804841697,1
1,0,1,1,33.4623929192028,3,138.362895763256,1
0,0,1,1,45.470422161969466,2,145.14565956551002,-1
0,0,1,1,57.347310136323564,2,147.95929293695576,-1
0,0,1,0,68.27169252466499,1,131.68255324518765,1
1,0,0,0,33.9364209863931,5,137.86207815118803,-1
0,1,1,1,79.85377137919043,2,132.00491127445753,1
0,0,0,0,44.57752797914863,2,130.33184961265195,1
0,1,0,1,49.57265411303128,3,143.23437365287913,0
1,1,0,0,35.05576641704353,5,142.04898883933174,0
0,0,0,1,1.5151947945411663,6,133.26038227629772,1
0,0,0,1,67.680907927221,1,134.6762566618613,1
0,1,1,0,64.73687794184866,2,130.47415507289037,-1
0,0,1,0,44.37344885763573,5,146.69894411388807,-1
1,0,1,1,51.33981434449744,5,149.49381192097104,-1
0,1,1,1,60.31878435408199,1,132.70919073589383,0
1,1,0,0,18.749082862269148,5,134.62950427530598,-1
1,0,1,0,39.418946453074106,5,147.3681904789387,0
1,1,0,1,65.88529359243654,5,148.5292759591237,-1
0,0,1,0,24.914211536615014,2,138.3925476561362,0
1,0,0,1,55.871158643332585,1,131.0124494453815,-1
0,0,0,1,22.8683639075319,5,130.7878366738564,0
1,1,1,1,59.328599648670526,5,141.4789973213802,0
1,1,0,1,49.28717035405033,2,137.8579021778636,-1
1,1,0,0,17.69736368188981,1,130.5730485515531,-1
1,1,1,0,73.29478708914343,3,141.66504784625113,0
1,1,0,0,35.308168464039014,2,130.22605073178045,-1
1,0,1,0,33.79495125971238,1,145.74743916298547,-1
1,0,1,0,54.011383944618856,5,136.12865645406742,1
1,0,1,0,72.9727469885743,1,130.80516006018465,0
0,0,0,0,29.68356362043206,1,141.76704441966308,1
0,1,0,1,51.233596996959434,6,137.95368828866108,-1
1,0,0,0,58.57633000661146,1,149.476008267143,-1
1,1,1,0,63.862112145262884,3,140.88397325007404,1
1,0,0,1,53.528831105544505,1,135.50478362074017,0
0,1,1,0,42.65944321833355,3,144.1887772926795,0
1,1,1,0,33.44819558702561,5,135.42984005085424,-1
0,0,0,1,51.722877660927495,3,148.0848658281513,-1
0,0,1,0,28.55721976028786,5,137.49443941014752,-1
0,0,0,0,-8.427009669892144,5,140.99737125552411,-1
0,0,0,0,58.73119608315336,3,131.01146207648458,-1
0,1,0,1,68.07869682172391,2,138.5224247590446,-1
1,0,0,0,2.7413512891632337,4,146.6472707932199,1
1,0,0,0,29.80538590580125,1,146.11297610726683,-1
1,1,1,1,62.38308522010396,6,134.48637117707054,0
1,0,1,0,91.14990939423397,4,134.52158142021125,1
1,0,1,1,50.415874153508156,1,146.34610624426475,0
0,0,0,1,35.43994117541731,1,148.6079684033865,-1
1,0,0,0,46.34207117790319,5,131.90721842546006,0
1,0,0,1,77.4975283829637,1,139.0011727885245,0
0,1,1,1,37.080716417509294,6,136.74908557928458,0
1,0,0,0,34.016159866994926,1,147.4137691091488,1
0,0,1,1,40.34512955635935,3,131.6704982936004,1
1,0,1,1,30.933427834825753,4,134.22251885116074,0
0,0,0,0,52.45340631989591,3,145.04936675172988,-1
1,0,0,0,82.49356916939121,6,131.02587697962431,0
1,1,1,0,56.461585462320585,1,139.8507076142858,-1
0,0,0,1,44.95292995747425,6,138.8421406935944,1
0,1,1,0,44.163774621689114,5,136.68802357977498,-1
0,1,0,1,18.73618382606686,3,137.89144630637847,-1
0,0,0,1,67.66219554294318,3,140.59881173860467,1
0,0,1,1,48.44325605974396,2,133.22734716776768,0
0,0,0,1,46.390401728187484,1,141.43991756567186,-1
0,0,1,1,113.86215135689721,5,146.10864658599974,-1
0,1,0,1,55.975058167313726,3,145.20321859580318,1
1,0,1,1,34.964178998096315,3,133.07799809387546,-1
1,0,1,0,41.47284807588913,5,132.98498939482948,1
0,0,0,0,72.9689141839351,6,135.36348735489827,-1
1,0,1,1,52.26540821075529,6,137.22149452682075,1
1,0,0,1,21.234440433652665,1,138.16911162816965,1
1,0,0,0,68.38457869150407,2,143.5939443366669,-1
1,1,0,1,36.63711828922012,3,131.1336086433167,-1
0,1,1,0,87.4659555243509,2,130.69345408452133,-1
1,0,1,0,71.60096131429297,6,137.83821125887818,0
0,0,0,0,41.053562086824975,6,143.9432738427596,0
1,0,0,1,75.62032723470226,4,133.86870685912965,0
1,1,1,1,51.357110210548065,1,142.83008962512503,-1
1,0,0,0,67.05547350244439,4,135.19656275880598,-1
0,1,0,0,59.6946563458895,4,147.72172217627033,-1
1,0,1,0,33.07286690018253,4,147.91379888533234,-1
0,0,0,0,37.12900335365076,1,135.94574408562653,0
1,0,1,0,70.59921635162323,1,134.59987507926482,1
0,0,0,1,43.304493357869184,5,138.22607944132463,0
1,1,1,0,41.927030735160066,2,134.81063170360298,-1
0,1,0,1,30.89754841301294,2,143.44767686583407,1
0,0,0,0,58.47198131186922,5,146.5212936909657,0
1,0,1,1,91.25049838486291,5,143.46184261822435,1
0,1,0,1,28.64934171491454,6,146.487008944987,0
1,1,1,1,50.48438913345516,4,137.93984324414947,-1
1,1,0,1,78.24441110830858,5,133.1263394141772,-1
1,1,1,1,48.4071721750857,3,144.75901894795183,0
1,0,1,1,59.04743592499468,2,137.20949010283107,-1
1,1,1,0,28.752129437062408,5,143.42541650458264,-1
1,0,1,1,58.566141944152974,3,135.4128788396353,0
1,1,0,0,46.257114699909025,3,131.62459269613345,0
1,1,0,1,69.71459991359725,3,149.85163590975526,0
1,1,1,1,73.74772103129501,6,133.124030158612,-1
1,1,1,0,101.79127284037227,6,149.76841987926963,-1
1,1,1,1,61.59266346427151,3,149.54559865132893,0
0,0,0,0,56.51592633164333,6,145.87636207816078,1
0,0,0,0,53.88768603154672,4,143.18845924163995,0
1,1,0,0,42.936674143786234,3,141.5561410050217,1
1,1,0,0,56.76967686923382,4,147.3220309075567,1
1,0,1,1,44.091971797219415,4,135.78879043238976,0
1,1,1,1,53.36921952539229,3,139.35362424969753,-1
1,1,1,0,76.3519507121592,2,142.38779938733003,0
1,0,0,1,29.869148694407176,3,138.2238095173898,0
1,1,0,1,72.7975712225809,3,138.54972908180537,0
1,1,0,0,76.34230134679731,6,136.6056933500417,-1
0,0,1,1,47.63862946017842,3,141.2846363336907,0
1,0,1,0,7.562902019828108,2,147.01149056030232,-1
0,0,0,0,37.84356025811135,6,134.03056756012626,0
1,1,1,1,75.93989093122218,1,148.68866077506883,-1
1,0,0,1,49.542638754022356,1,143.7817530749646,1
0,0,0,1,30.013955354101785,4,146.4654642536006,-1
1,0,1,0,39.90450157543565,4,141.12381385260022,-1
0,0,0,0,66.81240053009105,2,145.59033402848127,-1
1,0,1,1,60.93467136402759,5,130.32400794678935,0
1,0,0,1,45.22135801660611,1,146.3676084955907,-1
0,1,1,1,42.663511763706246,4,130.80277718170734,-1
1,1,1,1,42.16483701912356,1,147.79826752725725,0
0,0,1,0,31.55179631002995,2,149.83925494477288,-1
1,0,0,1,82.30751378938884,2,135.88134924353557,1
0,0,0,0,43.5535906157732,5,134.20637112571586,1
0,1,1,0,74.34317041650993,5,145.3072672771608,0
1,1,1,1,80.42632103844903,6,135.06052681840507,-1
1,1,0,1,69.9662179629592,2,147.31124766344408,0
0,1,0,1,41.367593745639034,4,132.05685184314953,-1
1,1,0,0,58.07460180673219,1,132.51910392758717,-1
1,1,1,1,49.51608787218168,3,149.5830311020123,-1
1,1,0,1,31.925962785397438,5,143.4767779654001,1
0,1,0,0,56.48718563443206,3,146.93774448857906,-1
0,1,1,1,26.41920417680395,4,136.48658754703035,0
0,0,0,0,73.75358776923127,5,143.52967499041208,0
0,0,0,1,40.70765405403214,3,141.88483654617195,-1
0,0,0,0,54.023193117456785,4,142.06300240245895,-1
0,0,1,1,55.665757430922845,1,143.65064919075442,1
0,1,1,1,44.82190052591845,4,141.50718346258196,0
0,1,1,0,61.733876029505495,6,138.58124738605332,0
0,0,1,0,40.501926867549514,5,135.51845388761095,-1
1,1,1,1,67.42594594914488,2,145.37162661826403,-1
0,0,1,0,23.08040639506503,1,134.52544860006373,-1
1,1,1,0,52.52759159092824,3,143.84708612308827,-1
1,0,0,0,88.77857998116569,5,134.66665645298653,-1
1,1,0,0,29.993373507888506,2,142.50660339908907,1
0,1,1,1,36.44510058950297,4,144.9415653425806,-1
0,0,0,1,60.2781569931783,2,134.3742777781308,-1
0,1,0,0,53.591635638791956,5,131.19886601722615,0
0,0,1,0,57.012601985471186,5,132.61947485988347,1
1,0,0,0,59.78374260295327,6,142.1199393454205,-1
0,0,0,0,62.6944293712354,6,146.9889281245147,0
0,0,0,1,72.19399683912447,2,130.8999364247085,-1
0,1,0,1,58.19637313857025,4,144.6830251808329,-1
0,1,0,0,45.17484690762915,2,136.82637291900105,-1
0,1,1,0,63.451474024054626,5,139.57056739839044,1
1,0,1,0,87.9976386979043,5,148.57719099691133,-1
0,1,1,1,47.34732507234853,3,136.63943009471691,-1
1,0,0,0,30.50941390658717,6,139.3067386787897,-1
0,1,1,1,72.14161338573945,3,130.27364829521363,1
1,1,0,0,47.59237672092804,1,131.63197440009677,-1
0,1,0,1,6.546609079719275,5,135.17183182269568,-1
0,0,0,0,66.94843354300843,3,130.5570448164215,-1
1,1,0,1,39.29343628092155,2,142.62750652096503,-1
1,1,1,0,48.189334353916784,6,138.52796713603246,0
1,0,1,0,56.63960661138029,6,140.96290405456045,0
0,1,0,0,53.809993595581325,4,133.49294371792658,-1
1,0,1,1,64.1890363427808,2,135.91864058873233,-1
0,1,0,0,41.29027258860313,4,143.2764894970545,-1
0,0,1,1,60.26211596352165,3,149.306054472608,-1
1,0,1,1,44.80906644832166,1,131.0083354720442,-1
1,1,0,0,64.77620961775006,2,147.80768641710532,1
0,0,1,0,62.30734968026107,2,141.53762402622417,1
0,0,0,0,31.291225959108093,2,141.27839133511247,1
1,0,1,1,71.71964232350064,4,140.00557070415522,1
1,0,0,0,39.28073109771904,3,131.38788171808366,0
1,0,0,1,66.1611559656229,2,131.7975370347232,0
0,0,1,1,57.345746268026815,2,142.01824011318172,-1
0,1,1,0,86.76367353590246,6,136.81917142871117,0
0,0,0,0,45.53068035256295,1,148.34536133155362,-1
0,0,1,0,43.01366407763605,6,138.13181074718943,-1
0,1,1,0,49.611607882245345,6,132.86562917405283,1
0,1,0,0,43.93640434331449,1,144.29437667004072,-1
1,1,0,0,65.998838038841,3,135.8670684288202,-1
0,1,1,1,17.673787831268243,6,140.50940614711786,1
0,1,0,1,28.926351617072918,3,143.9566557101034,-1
0,1,0,1,28.64394156841614,6,148.00528222404142,-1
1,1,0,0,69.00615183947151,5,145.8438238960335,1
0,0,1,1,84.2122674516385,1,143.5272213574545,0
0,0,1,1,47.91101562925057,6,143.59266364790287,0
1,1,0,1,46.623565536199784,5,148.91849288064174,-1
0,0,1,1,51.40104326226363,4,135.91648194993073,-1
0,0,0,1,73.23756605216381,5,130.02224188392375,1
0,0,1,0,31.452937316188518,2,135.43909118796398,0
0,1,0,0,54.7673796546957,6,134.35782759253487,0
0,1,0,1,69.5039525956486,5,143.23669170227996,-1
1,0,1,1,60.0218833987969,3,142.67423199531058,-1
1,1,0,1,53.79163233197487,4,141.8692276540945,1
1,0,1,0,70.02092185134282,6,130.32486886418909,-1
0,0,1,0,-4.0646458599847435,2,144.57556108901295,0
0,0,0,1,63.55750639061815,5,136.47060824970984,-1
0,0,0,0,36.918486337451526,4,143.3011197801326,0
1,1,1,0,13.387342062870864,6,141.13156857004307,1
0,1,0,1,60.22405199049962,4,136.85461850855813,0
0,1,0,0,77.47317090325916,2,132.69152534208214,-1
1,0,0,0,47.251029707446165,5,131.8883779532096,0
0,1,0,1,69.05749094405877,4,146.63036666224446,1
1,0,0,0,82.24556515977291,4,148.36795084163117,-1
1,1,1,0,76.29828907168095,1,142.995760935286,1
1,0,1,1,82.79929058742786,4,132.06868229720968,0
0,0,0,0,64.84254982143784,1,138.0405443377648,1
0,0,0,0,51.50867277803186,5,144.57878400210313,0
0,1,0,1,17.960683762056632,6,145.59641768020137,-1
0,1,1,1,45.078750237401024,6,132.36437244582177,-1
0,1,0,1,33.13506809367617,5,130.00061437690763,-1
0,1,1,0,93.41885434995628,5,144.2427409176121,1
0,0,1,1,46.482283751353265,3,137.13192351972413,1
1,1,1,0,52.464096135689715,5,135.0896266323652,0
0,1,0,1,61.02970752080935,4,130.25794939579052,-1
1,0,1,0,50.87204892744907,6,140.80598813523,-1
0,0,0,1,83.90102080861506,2,147.02301470851964,1
0,0,1,1,37.54701276531096,6,149.15263292545177,-1
0,1,0,1,53.89214910474485,1,141.31489901226578,-1
1,0,1,1,35.15058828603904,6,140.2892265547979,0
1,0,0,0,23.599549775585885,3,131.70112770978483,-1
1,0,1,1,37.76461818189429,5,140.97745603085198,-1
1,1,0,1,49.25926405903176,5,137.59958157930788,-1
0,0,0,0,41.4139555096548,6,142.14270561767154,-1
1,1,0,1,36.15158040252288,2,137.77452695753092,1
0,1,0,0,21.873650726563323,2,134.80598246900735,-1
0,0,1,1,48.337888547426104,3,131.89930550456754,-1
1,0,1,1,19.905592519379955,1,136.29836889177793,-1
1,1,0,1,65.20111927379205,6,131.93289668575505,1
1,0,1,0,51.64879505869006,5,133.53793901647967,-1
1,0,0,1,20.84897001070139,6,149.74672317159093,0
1,1,0,1,43.81581845900273,3,138.88207113813237,-1
1,1,1,1,34.95687188818834,4,140.63743533010035,-1
1,0,0,0,56.383490208383606,4,147.4723705747443,-1
1,1,0,0,76.80900892046289,3,149.91137800981375,1
0,0,1,1,12.496550607085112,5,141.65428898689362,1
1,0,0,0,52.30052158294834,3,146.24947642088344,-1
1,0,0,1,46.797344088667195,5,136.5388204867335,0
0,1,0,1,63.42680152900931,2,136.11487914894582,1
1,0,0,1,54.26393256475378,3,138.0540744198912,-1
0,0,1,1,34.96061336522362,5,143.45014525347298,1
0,0,1,1,43.618921286667636,3,143.64383378510198,-1
1,1,1,1,34.079482863930224,3,136.304788692989,1
0,1,0,1,71.52014277197196,5,132.6641984827326,1
0,1,0,0,50.42623297343884,5,142.64792512931018,1
0,1,1,0,88.02381371506016,1,132.56651724377528,0
0,1,0,0,48.786783723707586,3,141.5698501645866,-1
1,0,0,0,35.831864661790746,4,143.8684425611262,1
0,1,0,0,19.725712147743458,3,144.01222992788902,-1
1,1,0,0,13.937206474881101,3,145.06944221319193,-1
0,1,1,0,18.317281139890206,5,147.45718843131328,0
0,0,1,1,55.342533020229666,3,139.99917983929578,1
0,1,1,1,60.17450046459868,6,144.60498379059143,1
0,1,0,1,18.376185959357333,3,142.38345470731673,-1
1,0,1,1,67.90076628152231,6,133.73279879595364,1
1,1,1,0,40.33877896633121,4,130.51379289738816,0
0,0,0,0,52.93586023971099,5,135.69082771353868,-1
0,0,0,1,82.24441256510849,3,138.8606741267524,-1
1,0,1,1,67.93678631731063,6,142.3421188885731,-1
0,0,1,0,44.629387041883355,6,146.9991866100641,-1
0,0,1,1,32.17615549169425,6,133.92491433412332,1
0,1,1,1,6.963691973413901,2,132.51099579796954,0
1,0,0,1,35.616933615151595,1,149.26959894948655,0
1,0,1,1,45.77739522344611,4,132.16089118752814,1
1,1,1,0,30.25640945697632,3,139.5698214021438,-1
0,0,0,1,47.37486065815391,2,141.71127457586604,1
0,1,1,1,51.53703765917536,3,140.82748841814876,-1
1,1,0,0,45.50288036383843,3,131.72064314065886,1
1,1,0,0,36.99994838353081,5,131.14053828007238,-1
1,0,0,1,53.37309343933455,5,132.10966854922071,1
1,0,1,0,58.83881299138818,5,141.71175367745224,-1
0,0,1,1,28.192018451143078,2,140.88689775268642,-1
1,1,0,1,78.2186475949254,3,134.67481584073488,1
0,0,1,0,48.02823735431477,1,142.75548283691182,-1
1,0,1,1,50.37699245889695,4,146.40135004111298,0
0,0,0,1,64.16428846513114,5,130.83157919693187,-1
1,1,0,1,54.66432262527003,5,139.96259887096085,0
1,1,1,1,69.0627326782649,3,143.78620824205382,-1
1,0,0,0,55.74248330403648,3,135.04623854139373,-1
1,0,1,0,37.75125250719124,2,136.155418105863,-1
0,0,1,1,57.23007050412203,2,142.2727580597877,-1
1,0,1,0,27.125475853586764,5,147.95870586887474,-1
0,1,1,1,52.17119411553046,3,146.19848840605798,-1
0,1,0,1,49.335400187110785,1,141.66260438199168,-1
0,1,0,1,45.83766285454921,4,144.60443435514497,-1
0,1,0,1,47.429249771221386,3,137.29644940415596,0
1,0,0,1,12.363019090047217,3,142.81931056197516,1
0,0,1,0,39.02550184518077,6,139.32363182255114,-1
0,0,1,1,51.85689802282229,2,133.79872272915122,0
0,1,0,0,53.19712783994801,4,144.03476547754514,0
1,0,1,0,29.446497181480837,5,141.12929274697643,-1
1,1,1,1,75.31415681729402,3,137.17243163907182,0
1,1,1,1,32.676503035709985,5,148.22678380157262,-1
1,0,0,1,69.38914401053474,3,130.41868235653467,0
0,0,0,1,58.543887237433694,5,136.31546302498992,-1
0,0,0,1,37.075453803123935,4,131.13762795555294,0
1,1,1,0,85.50621785219025,2,145.33054632443253,0
0,0,0,1,26.127263364870398,4,144.04214908227584,-1
0,1,0,1,68.38308347220003,6,136.62704437472635,-1
0,0,0,0,70.01164636085957,1,143.51325804414145,1
1,1,0,0,36.5875958184671,2,137.918744523919,-1
1,1,0,1,77.84930600128658,4,145.1250758284487,0
0,0,0,0,44.99906970802095,6,139.08367325473412,1
1,1,1,1,55.77387258559714,1,138.2455945566333,0
1,1,1,0,55.206436775424415,6,148.694598309766,0
1,0,0,0,47.31382517058904,3,135.017581997814,1
1,1,0,1,66.21616546319564,3,132.4089467999313,1
1,0,1,0,65.86977441104426,5,141.69086226518917,-1
0,1,1,0,15.029360535236385,2,149.38643624568357,-1
1,0,0,0,76.08680485756305,3,137.55678427454373,-1
0,0,0,0,16.750160239286515,6,131.24073527257562,1
0,1,0,0,70.65092408683314,2,136.78610534619133,0
1,1,0,0,72.53410273655166,3,140.11863308639116,-1
0,1,1,1,28.180671395696034,5,133.23846013264426,1
0,1,0,1,41.7837142409083,4,143.16204436112983,-1
0,1,0,0,27.885906630281283,5,149.95498778020402,-1
1,0,0,1,45.70157939422529,1,139.03478951962887,0
1,1,0,1,43.839314316285176,3,137.09457113460425,-1
0,0,1,1,65.59321064538679,1,138.01408333668934,1
1,0,1,0,76.20617492239217,1,132.30292356790403,-1
1,1,1,1,77.91367621579911,6,147.66547202852448,1
1,0,0,0,38.75663946843396,2,138.29651311042704,0
1,0,0,1,45.81556252510944,6,137.74548822849684,-1
0,0,1,0,16.331236155580996,3,143.1938054586095,1
0,0,0,0,33.88259867007622,1,138.84066841862247,0
1,1,0,1,69.29703266194915,4,142.96466937615693,-1
1,0,1,1,82.31165647096464,1,131.22892580261575,-1
0,1,1,0,25.31302256240156,4,146.27446687444456,1
0,1,1,1,38.15071481694211,6,148.81007905758804,-1
1,0,1,1,49.47188486082146,6,142.9753077231877,-1
0,1,0,1,55.603223176392135,2,149.09131857717622,-1
1,1,0,0,33.80792960156708,1,133.02864628739925,-1
1,1,1,0,58.48122088928179,5,139.54832378960708,1
0,0,0,1,40.523213058581675,6,142.03613467890895,-1
0,1,1,1,49.71095458243442,6,141.63473294842373,-1
1,1,1,1,60.925684960073994,2,138.02923558178085,-1
1,1,0,0,50.12844539621876,4,136.76168818732523,-1
0,0,1,0,41.272282189468626,2,132.53648045100837,1
1,1,0,1,47.807803921483384,1,137.83484901124555,-1
0,0,0,1,48.232740815893294,3,133.2532163021097,1
1,0,0,1,42.59977940235745,3,144.68731352984437,-1
0,0,0,1,44.82407874665795,4,134.1766187098918,-1
0,0,1,1,81.97294341009433,6,131.1713061056907,1
0,0,0,1,61.218388958824775,4,141.0473227563447,-1
1,0,1,0,44.090393639416796,6,141.90459465438803,0
1,1,1,1,63.93908809021471,6,147.43826122561012,1
0,0,1,0,43.3236102048798,3,141.53963224835363,-1
1,1,1,1,73.46249275173282,4,136.9096170744689,-1
0,1,0,1,57.39284384396188,2,146.06023763052642,0
0,0,0,0,47.85395711991542,6,140.80557786374843,-1
1,1,1,0,58.95433851620555,5,131.58560569262383,-1
1,1,1,0,18.582476958630014,5,141.31701120626494,-1
0,1,0,0,27.464650621803894,2,148.16037090843324,-1
1,1,1,1,26.12149987201889,5,137.9262525099644,1
1,0,0,0,52.85886189527413,1,135.926516037996,-1
0,1,1,1,84.65029998970184,6,132.8693891403604,-1
0,0,0,0,94.62600292385264,2,133.02891043870716,0
1,1,1,1,62.76102202881514,4,138.65542968683638,-1
0,1,1,1,60.01688949888914,6,141.9135964832306,-1
0,0,0,1,13.978845316945218,2,131.61230810339202,1
1,1,1,1,39.14652400531956,3,148.7913717805033,-1
0,1,1,1,34.24432496183522,4,145.10267234890392,1
0,1,0,1,37.58304803497768,3,141.73247836567324,1
1,0,1,0,46.63712362830421,6,146.5687734187798,-1
1,1,0,1,40.55818844605746,4,131.60373513624228,0
0,0,0,0,10.414003792484245,5,139.53677755466248,-1
0,1,1,0,64.95820512235068,2,142.60186253723327,-1
1,0,1,1,28.54513948520387,6,146.57305812236578,1
1,0,1,0,54.78493728222299,1,145.66939120098536,1
1,1,1,1,91.48165339499947,4,135.541384994268,-1
1,1,1,0,31.612308168271532,4,148.8176033911841,0
0,0,1,1,-0.6057504549265929,6,132.4869168286174,1
1,0,1,0,44.27991556239778,6,147.50267237242304,1
1,1,0,1,72.01919269997143,3,149.41880499209236,0
0,0,1,1,89.16694908441187,5,133.5430704644525,-1
1,1,0,1,25.409008110951664,3,144.4413212840757,-1
0,1,1,1,59.933984464730436,3,130.80571037555998,1
1,1,1,0,40.693790864398935,5,138.1084565027831,-1
1,1,0,1,47.88103291391729,1,140.32566598395348,0
1,0,1,0,102.8868669403407,3,141.6129045181927,-1
0,1,1,0,19.940593432096936,3,148.7187449649712,-1
0,0,0,0,55.07479322989147,4,143.4450137458839,-1
1,1,1,1,59.35386343530867,5,139.62555902438473,1
0,0,1,0,71.71572649878695,2,146.1935007253178,-1
0,1,1,0,51.95966306941791,1,149.01065641908818,0
0,0,0,0,56.161010790082045,1,130.4413229736458,-1
0,0,1,1,42.16702865156418,5,149.6504254451208,-1
0,1,1,1,55.38253882490215,6,131.7226427812736,-1
0,1,1,0,43.136154490051794,6,146.28773558537523,0
1,1,1,1,62.43143779712102,4,135.60669505102825,-1
1,1,0,1,42.60779327912732,4,132.64359315507744,-1
0,0,0,0,57.54200787804373,5,138.7971127942767,-1
1,1,1,0,49.414743726300436,4,142.87913158895228,-1
1,0,1,1,72.52100501544336,1,137.6190369004695,1
1,0,0,0,48.97212552823027,1,131.09130816565397,1
1,1,0,1,14.53935063586237,2,141.98922279317432,-1
0,0,1,1,75.23843001427983,6,148.0480655222135,0
1,0,0,1,31.88535398274762,5,137.66430731894502,1
1,0,1,1,36.924673227023604,3,134.32665555261653,-1
0,0,0,1,38.086774119130155,6,138.8515469186563,1
0,1,0,1,77.48876186341634,3,130.9672542209756,1
1,1,0,0,7.286515720426088,2,146.40975168960549,-1
1,1,0,0,112.75497067319988,2,146.52681621900373,-1
1,1,1,1,71.12113618132103,4,141.76000926859257,1
1,0,0,1,54.4647782825832,2,137.06205777876778,0
1,0,0,1,48.902119987674276,2,145.99566728891566,-1
1,1,1,0,55.71108149715314,3,141.09374049576735,-1
0,1,0,1,60.42244856758677,4,146.5186461710003,-1
1,1,0,0,62.90431171900114,2,142.62917585166042,0
1,0,1,1,61.11208932006897,6,145.68810946425594,0
0,1,0,1,51.79161362510498,2,141.9712598643552,1
0,1,1,0,46.053231593853475,4,138.28282136431332,-1
0,1,1,0,46.97453432692976,5,149.15891719852274,0
0,0,1,1,46.10183439294638,4,140.8222764975769,0
1,0,1,1,72.67540193734129,3,142.10179037081076,-1
1,0,0,1,61.87113444561724,5,134.40975278829498,-1
1,0,1,0,-8.807772693285607,6,142.51301578854554,1
1,0,0,0,63.118015530595216,1,141.43215298965887,1
1,0,0,0,53.894723894375495,4,133.6967679589405,-1
1,0,0,0,49.62582487108205,3,131.19174194706287,0
0,0,0,0,42.229630938222286,6,142.08718639429543,-1
1,1,0,0,72.48225439972026,5,145.27384538700642,0
0,1,0,1,68.95052924245715,6,140.46802741844016,0
0,0,0,1,34.54244664352782,4,134.53545250639291,0
1,0,0,0,58.141045742490704,2,143.3304395338607,1
0,1,0,1,30.56686530917428,4,131.60211453219205,0
1,0,0,1,22.40763670422139,1,138.8366740960391,-1
0,0,1,0,37.4656555082007,4,133.2673351679684,1
1,0,1,1,67.24786944765518,5,133.68918102119767,-1
0,1,1,0,69.06250090752174,5,134.04587898316407,-1
1,1,0,0,60.26170840194586,4,137.73414114087956,-1
1,1,1,1,64.50191573695994,5,131.02300411240796,-1
1,1,1,0,60.32356574229917,2,137.95586881858196,1
1,1,1,0,37.17036809554095,6,140.234148942294,-1
1,0,0,0,58.63845089347881,4,139.6658856993265,1
0,1,0,0,66.00819050455365,2,137.6556820080608,0
0,0,0,0,65.08582659627149,6,146.78293216141506,-1
0,0,0,0,73.77826742949286,6,132.90653384841008,1
1,1,1,0,64.16607694402127,2,140.11393487562748,-1
0,1,1,0,57.028964150831655,3,131.2408283391311,-1
1,0,1,1,71.40300476632855,4,131.42311357755818,0
1,0,1,1,49.469574815018795,6,141.47731699354193,-1
0,0,0,1,32.36250697544564,6,141.32036849775642,-1
0,1,0,0,46.738660721124724,5,147.56067025688913,0
1,1,0,0,35.10194710387102,6,141.15747351320147,0
0,1,1,1,36.496434500512365,2,149.195820408097,-1
1,1,0,1,47.10962658568965,6,130.9738969679986,1
1,1,0,1,34.15160158000077,3,131.96015369561482,0
1,0,1,0,43.84076940721919,4,130.88131723140762,1
1,1,1,1,12.12770666092429,4,133.7055370066708,-1
1,0,0,1,54.265874147458774,6,140.82540221883357,0
0,0,0,0,50.02410950724448,1,142.91144362854857,1
0,0,0,1,33.658227378636184,1,130.91170315897338,0
1,1,0,0,63.1849133686481,2,148.919417796912,0
1,1,0,0,68.75140275253116,1,146.84330753300762,-1
0,1,0,0,17.848802712620518,2,135.93224964314186,-1
0,0,1,1,34.745504428675716,5,131.54375060452935,-1
1,0,1,1,34.617153004254035,2,133.39774146438114,-1
0,0,1,0,31.201937977822706,1,132.53888827509945,1
1,0,0,1,66.58949683863497,6,132.46567558597894,-1
0,0,1,1,46.12347722454393,5,140.37123377331469,1
1,0,0,1,44.70970317378779,1,134.916948849868,1
0,1,0,1,9.92275271186493,2,137.1627943305829,-1
1,1,1,0,62.70836060418453,3,149.79010666768644,-1
0,1,0,1,25.21483210293055,4,143.6862849785069,1
0,1,0,0,51.198652605326565,1,148.97961334094003,1
1,0,1,0,55.547538759163835,2,132.85113110066231,-1
0,0,1,1,77.21317191677302,5,137.64278949665137,-1
1,1,1,0,23.82359201761776,1,141.09463606564708,0
0,0,0,1,-10.390243116416507,1,131.53516123777476,0
1,1,1,1,53.6769908950739,4,130.08374887255917,-1
0,1,1,0,86.01022363021707,2,143.40868667593836,0
1,1,0,0,74.77892705878875,3,142.8363903360287,-1
0,0,1,0,54.19318830549251,5,138.21577619999223,-1
1,1,1,0,40.16727628735905,2,139.79288152064066,-1
0,1,1,1,66.14245193274621,5,138.3088600118418,-1
1,1,0,1,30.52907600591063,1,130.48010089689777,-1
1,0,0,1,59.52715538712438,4,136.70743212434925,-1
1,0,0,0,60.10940318333254,4,133.54164510794578,-1
0,1,0,0,71.2041981499776,6,131.96848378202736,-1
1,0,1,0,105.19320077822155,3,149.134408677787,-1
0,0,0,1,57.84831934357534,4,141.98719450084332,1
1,0,0,0,39.82072748585003,1,144.57312568473205,-1
0,0,1,1,49.48851375616011,3,136.30727486532234,-1
1,0,1,0,14.618481902217638,2,137.8629425898803,0
0,0,1,1,36.105737378218834,4,134.73847987793448,1
0,0,0,1,41.814351237737924,3,131.9393134193085,-1
1,0,0,0,39.51823204130815,1,133.58063274883168,0
0,0,0,0,53.04709744067444,6,145.95028090592973,0
0,0,1,1,33.55160135235599,5,143.55091610367552,0
1,1,1,1,72.42061334648943,5,140.93857751970953,-1
0,1,0,0,50.00414129836394,1,139.50179745733536,0
0,0,1,0,49.81399357722771,1,148.4486856731225,-1
0,1,1,1,43.44210566974164,5,131.45469895557338,0
1,1,1,0,53.10381367717958,6,135.61201626475832,0
0,0,0,1,66.5019652933527,3,136.99875707141427,-1
1,0,1,1,32.65739568578199,5,145.64851624425575,1
0,0,1,0,36.837670218494864,1,149.85029240323942,-1
0,1,0,0,43.92547942446671,4,134.81341029514306,1
0,1,0,0,23.082581530535702,2,147.4861466827416,-1
1,0,1,0,33.61484280557005,6,146.61245520863582,-1
0,0,1,0,40.475582529106816,6,134.49314795283533,-1
0,0,0,1,67.48778361425455,4,137.98665160398446,1
1,1,0,1,55.2512265800385,4,138.1934573858504,-1
0,1,1,0,53.87179822735089,1,149.56441337053116,-1
1,1,1,0,67.01795924335944,5,133.61783802757796,-1
1,1,1,0,47.25256423201207,3,145.98315942209564,0
0,0,1,1,57.80929699857779,6,136.6838542834622,0
1,0,0,0,47.93556494135007,6,144.61740691552322,-1
0,0,1,0,55.30724698799257,4,138.40022008591325,-1
1,0,1,1,38.34482684776836,5,141.5671952623308,-1
1,1,0,1,1.22365683447142,6,146.65223546652263,-1
0,1,1,0,47.314416756273914,3,146.0833112996777,-1
1,0,0,0,78.45496272199881,4,147.328463670794,0
1,0,1,0,68.52430804483186,3,131.1923465068932,-1
1,1,1,1,69.30794969182341,5,143.8410110607949,-1
1,0,0,0,74.72261443612436,6,132.79974753443526,-1
1,1,0,0,51.77315181922875,2,138.3163713603682,1
0,0,1,0,53.94631414811191,6,140.97176830109376,1
1,0,1,1,37.646962091313,5,138.0547896949366,1
0,0,1,1,43.678542879459,6,140.39223351606014,-1
1,0,0,0,62.315422995422836,6,149.93052617597237,-1
0,0,1,0,74.07768874337633,1,132.7043462742571,-1
0,0,0,1,47.21107448638001,6,143.50912090672853,-1
1,0,0,1,40.99621470297177,6,137.9200193277123,0
1,1,1,1,50.010559177131945,3,132.6601959781466,1
1,1,0,1,62.024134978582296,2,133.1747352674862,1
0,1,1,1,21.122903677329163,3,148.98546212491235,1
1,1,1,1,4.076380937255237,3,147.59202993423526,-1
0,1,1,1,38.98926301016833,4,148.14083920830043,0
0,0,1,1,25.585751481716827,1,149.83065551654772,-1
0,0,1,1,39.83719604705378,3,134.16630780017036,-1
1,1,0,0,47.04439362365057,5,137.10878674728124,0
1,0,0,0,40.93503181953973,5,143.38438059849733,-1
0,1,1,0,79.04935068941491,6,139.67605079721295,-1
0,1,1,1,56.5348952920464,4,138.36779066756668,-1
1,0,0,0,56.00948719221657,1,137.15622498671186,0
0,0,0,1,62.44414288086804,1,141.87561263886903,1
1,0,0,1,27.223337644384618,6,141.51186857280163,-1
0,1,0,0,70.78223574840537,5,133.2291566812848,1
1,0,1,1,48.484714269290805,2,139.43479675036878,-1
0,1,1,0,63.409612344824254,4,141.069435524197,-1
1,1,0,0,28.56285533919689,6,141.40573877462782,0
0,1,1,0,18.924824679678714,4,134.20214385824704,0
1,0,0,1,66.35779316050058,5,144.84542784504575,1
1,0,1,0,57.528190521950336,5,130.50398189642138,-1
0,1,0,1,31.95896891284979,2,137.09663711086324,0
0,0,1,0,32.60673837450611,2,145.60425297071268,0
1,0,0,0,72.50869568829539,1,141.27785842110805,1
0,0,0,0,26.21176214265344,4,135.22324865021722,-1
1,1,1,1,82.85345906511927,4,143.89906238686095,1
0,1,0,1,31.987585307042625,5,141.34781888312148,0
1,0,1,1,62.76783851216766,1,145.92487218912774,-1
1,1,1,0,43.42763048502031,6,144.70050372379646,-1
1,0,0,0,62.063748621646866,4,142.2021584407247,-1
1,0,1,1,39.11771995771615,1,139.76355350621628,0
1,0,1,1,46.74414187855412,1,132.66364251335048,1
1,0,1,1,50.818383507914426,5,135.2266603577077,0
0,1,1,1,29.956250884370547,1,138.3819894583417,0
0,1,1,1,64.81648690840251,2,141.98598574012777,0
0,1,0,1,39.73572867056829,2,140.27415710430608,-1
1,0,1,0,45.428001693199626,3,135.7636905191906,-1
1,0,1,1,30.113012507829755,5,130.1292871557942,-1
1,0,1,0,-1.24667317590621,6,139.92478443801627,-1
1,1,1,0,46.17944474799662,3,135.71251977124487,-1
0,0,1,1,98.25230843225832,2,144.6921660142107,0
0,1,0,1,65.69208575796048,3,130.47892530540966,-1
1,1,1,0,49.61479240531211,5,141.69655622611583,-1
0,1,0,1,44.742183415834646,5,148.8294847501213,-1
0,1,0,1,50.449317856240924,1,133.48818534223,-1
1,1,0,0,60.9423823035042,4,139.43298981501192,1
0,1,0,0,26.383743693823103,1,131.82843983634277,1
1,0,1,0,72.28643389337745,5,142.51363824522704,0
0,0,0,1,64.30762630882488,2,141.0106336119245,-1
1,1,0,0,64.36371451415869,6,138.14731048425665,1
1,1,1,1,58.76951477619455,2,140.42754042947482,1
1,0,1,0,50.3923331538798,1,147.9314931693802,1
1,1,1,0,63.457224719336395,6,133.92588604622134,-1
0,1,0,0,61.83628267482756,5,130.45129023410695,0
1,0,1,1,42.91918578117952,2,147.23329769398202,1
1,1,1,1,38.52796454206198,5,141.54234164775812,0
1,1,0,0,52.03712590523973,6,147.81316910923684,0
0,1,1,0,80.98040302990375,6,141.93890446826344,-1
1,0,1,0,25.217858486921983,2,146.20322179919404,0
0,0,1,1,20.6494946849512,5,138.59346726710297,-1
1,0,1,0,53.29521682473033,3,144.99719862576538,0
0,1,0,1,51.01775403712036,5,148.26082933779713,-1
0,1,1,0,53.466833287408164,6,141.44245927444413,-1
1,0,1,0,54.87906395817001,5,133.6157030112476,-1
0,1,0,0,45.535954907303896,1,135.37595230060396,0
1,1,1,0,79.79726877204165,3,133.97289153794813,-1
1,1,0,0,17.981920430469685,4,134.93714055191467,0
1,1,1,0,33.430059504395075,1,136.12830898702072,1
0,1,0,1,47.93490479701905,4,141.10267573506377,-1
0,0,0,0,17.13622377691665,2,141.75983258927664,-1
1,1,0,1,46.48291191135858,4,138.52999494483723,-1
1,0,0,0,83.22940331456036,5,142.3084155964167,1
0,1,1,0,50.41772976591923,4,131.63149851222732,0
1,0,0,1,54.61401811437367,6,131.7557647411632,-1
1,1,1,0,24.796704696548396,1,133.43658920715316,-1
1,0,0,1,37.672771839210455,1,140.36154996080688,0
0,1,0,1,42.49607239352126,4,134.27989357396626,1
0,0,0,0,43.64569806487532,1,135.66568806985154,1
0,1,1,1,75.63287590007538,6,138.00625672345987,0
1,0,0,1,61.15382121450249,1,146.23732248020758,-1
1,1,1,0,27.77084086125936,4,130.2772427182572,-1
1,0,1,1,54.9300955686401,3,142.98757640473244,-1
0,0,1,0,59.9644349699357,3,143.3775306208137,-1
1,1,1,0,72.80298077042534,2,145.97311560713274,-1
1,1,1,0,81.61081373136747,1,148.65505878120626,-1
1,0,1,0,29.698116163442627,4,130.4027569789858,-1
1,1,1,1,33.78284977579324,1,133.07567411026432,1
0,0,1,0,24.848442821707675,5,147.72342588111985,0
0,0,1,0,45.31960281786037,6,139.1703712437403,1
1,0,0,1,59.32716748892669,1,141.29181277866928,0
0,1,0,0,69.74669033178203,1,143.26054407446296,-1
0,0,0,0,48.48097952714954,3,143.58133208991273,0
1,0,0,1,43.60304953490312,6,148.63480806633015,-1
1,1,0,1,53.03515984497481,4,149.9389883482334,0
0,1,1,1,33.29714196739954,1,144.4031492186188,-1
1,1,1,1,91.79077443389546,3,135.74442418410302,1
0,1,1,1,17.846779457638824,2,147.59504804588687,-1
1,0,1,1,53.69481157791449,6,130.98441829081523,-1
0,0,1,1,90.47212438459279,3,134.6216170574899,1
1,0,1,0,50.13599689119996,3,147.9477143492743,-1
0,0,1,1,46.19921929997011,3,135.1238302887871,0
0,1,0,1,42.851091543791455,1,134.41302119243497,0
0,0,0,1,46.392166364751844,1,132.76250586280494,1
1,0,0,0,77.45696949353061,2,147.18223515293832,1
0,1,0,0,5.7627617734098635,5,140.00116518382174,1
0,0,1,1,80.6686740259265,5,143.4978640610831,-1
1,0,1,1,21.5208569509971,5,134.78132768150058,1
1,0,1,1,44.6669534153117,6,145.16080842022433,0
0,0,0,0,41.41511159402676,6,145.20011089924196,0
0,0,1,0,61.7710653954144,2,136.251960498166,-1
1,0,1,1,18.03751296232505,6,138.21365266020567,0
1,1,1,0,59.24345332163885,5,134.19380554860402,1
1,1,0,1,90.48619246573705,5,149.53122046645808,1
1,0,1,0,22.73651990814379,3,142.91205154116824,-1
1,0,0,0,53.79412335220791,6,148.6908776143103,-1
0,1,0,1,36.76035644406782,1,136.06771087258267,-1
1,0,0,1,58.517744123860716,1,145.6378182599378,1
0,0,0,1,50.38295554831504,3,145.31717287769484,0
0,0,1,1,37.170261819113804,3,143.83311303733083,-1
0,1,0,0,59.75744569742148,3,149.312779505336,-1
1,0,0,0,86.08696219573486,1,137.8711067221263,-1
0,1,1,0,46.18192416545403,5,132.61434647179516,-1
0,0,1,1,64.39515884296364,3,143.4341771848812,1
1,1,0,0,24.134540842576726,2,144.58619600954412,0
0,1,1,1,30.871272463639826,3,141.5012114691763,-1
0,0,0,0,59.44812555760755,4,134.13635786266792,0
1,1,0,1,79.6823205707193,3,140.08911883338712,-1
0,0,0,1,57.1122669757132,1,136.2437947313826,1
0,1,0,0,43.73883938953691,6,138.54933056333377,-1
0,0,1,1,49.98582810846708,3,142.90437151689326,-1
1,0,0,1,24.99184532060565,6,144.90429485381668,-1
1,1,1,0,62.09030652710734,4,134.64449381802686,0
1,0,1,1,67.64666124646818,2,138.10650721293908,0
0,0,1,1,40.958193343338394,6,135.38323141983258,0
0,1,1,1,40.59915704480997,5,133.97263227723738,-1
1,0,0,0,55.31756459304097,3,145.66774439991676,-1
0,0,1,0,41.265605279188094,4,148.18505388873984,-1
0,1,0,1,48.67734770748355,4,137.40464371369154,0
1,1,1,0,91.99443578333032,6,145.02557848747534,-1
1,0,1,1,45.059485985080066,2,147.9399057872882,0
0,0,0,1,42.83319695957556,1,146.92248421060464,1
0,1,0,1,37.049163887296814,3,133.65626777078452,1
0,1,0,1,64.88383942999873,4,149.12583763026723,-1
1,0,1,1,46.37551653563794,2,137.53352880858924,-1
1,1,1,0,37.01253923357148,5,136.78481322347673,-1
1,0,0,1,76.42608064546025,4,131.2486265455556,0
1,0,0,0,78.39206009027274,2,139.72347308209766,1
0,0,0,0,37.9915286852259,1,132.18027231281857,-1
1,0,0,1,12.669200972787678,1,134.97079641854853,-1
1,0,1,1,70.15027379673845,4,136.33885243534561,1
1,1,0,0,36.30740348479992,4,146.17652646983368,1
1,1,0,0,65.81251198325538,6,147.50977300791794,-1
1,1,0,0,10.597923645763288,3,136.0493263492294,0
0,1,0,1,67.85194676598618,2,147.17396242489147,-1
0,0,1,0,25.776561414384375,4,147.1446187473958,-1
1,0,0,1,64.61528238133049,3,145.29301900769747,1
0,0,1,1,50.28546135672868,6,132.93390228030364,1
1,0,0,1,30.921211612067104,3,143.80645693801458,1
1,1,0,0,41.85927374146439,4,148.90048129161138,-1
0,0,1,1,63.726369139134015,1,143.65080957534315,1
0,0,0,1,52.117889062304684,2,136.6323369821567,-1
1,1,1,1,61.68825960944969,2,140.01158634861662,-1
1,1,1,1,89.52881169030971,1,142.91450086702108,0
1,1,0,1,18.715167765778972,4,140.21140817457007,-1
0,1,1,0,82.34425149937248,2,132.3990588346194,1
1,0,1,1,52.087118750464256,4,136.24128089304043,0
1,0,1,1,32.02431903353744,6,146.04792061107264,-1
1,1,1,0,23.393727485220204,4,147.22836092191034,-1
0,0,1,1,46.21759218445933,3,132.74600065431142,-1
1,0,1,0,68.4330022384892,1,149.0477350479745,-1
1,0,1,1,47.449017592449316,4,136.5764523569722,0
0,1,1,0,80.22309860494695,6,143.2462747746144,1
1,0,0,0,20.97648619896882,5,145.03650291913362,-1
1,1,0,1,49.75822104307891,1,146.23892469275768,-1
0,0,1,1,24.952131111737618,2,148.9149940445186,0
1,0,0,1,57.272637652499355,3,136.25839096057646,1
0,0,1,0,67.737747801946,2,147.1701290910311,-1
0,1,1,0,41.584764126378936,6,132.63373806872414,-1
1,0,0,0,-2.084277132542681,6,144.10081812707185,0
1,1,1,1,53.97896293592989,2,144.8395545902797,-1
1,1,1,0,58.73477103467019,1,143.5544648240264,-1
1,1,1,0,58.08589509923395,2,135.04629472270307,0
0,0,1,1,74.71564383644308,4,147.46086294030408,0
1,0,0,0,28.578926407019022,2,133.3771692674079,0
0,0,1,0,63.60432210900899,3,131.07269583041662,0
1,0,1,1,73.8501502495595,3,144.34929981223826,0
1,1,1,0,14.428248319869667,5,139.5095143046547,-1
1,1,0,1,56.393036518379546,3,146.98196039917352,-1
0,1,1,1,39.91640337984657,2,137.66794282116518,-1
1,0,0,1,48.36954653796708,3,133.36557177015425,-1
1,1,0,1,56.95352967076673,1,146.72884384939738,0
1,0,1,1,40.255428717728954,3,140.97819263280144,1
1,1,1,0,36.48583841676776,4,133.7839158478071,1
0,0,0,0,50.68304834976049,1,144.40767997172892,0
1,0,1,1,28.255081222743947,5,140.22227276979,-1
0,1,0,1,28.283497422296293,4,142.0862596448064,-1
0,1,0,0,63.58746565913007,2,139.21796676413163,1
0,1,1,1,27.02411929682688,2,146.57417967636013,0
0,1,1,1,63.32625001818424,2,146.591254313661,0
0,0,0,1,59.25182585707903,4,144.18777643648772,1
0,1,0,0,15.483865424188068,4,132.10802754792925,0
1,1,0,0,36.4487069532869,4,146.77707723808138,1
0,1,0,1,73.88218806094744,1,143.4202596106582,-1
0,0,1,1,30.376689377206368,6,143.940483320086,0
0,0,1,0,40.711914753812245,1,137.25965680807744,1
1,1,1,0,59.24121786503793,2,147.58559112314015,-1
1,0,1,1,65.66781018565192,6,144.50743200469714,0
0,1,1,1,44.969222279110085,3,132.25180933058388,-1
1,0,0,0,38.049796106167165,2,138.15556068812324,1
0,0,1,0,78.44739723397015,5,147.72760723920283,-1
0,0,1,0,84.77799327595159,1,130.94393403394758,0
1,0,1,1,69.57716101563591,4,149.228332392841,-1
0,1,1,0,51.70636285130048,1,143.58325136639127,0
1,1,1,1,33.834685567181474,4,142.62751955286754,-1
1,1,0,0,33.39111186886869,6,135.41118512975982,-1
0,0,0,0,60.450282105315154,5,134.97583577478355,-1
0,1,0,0,58.36796441777368,6,148.8411643897719,1
1,1,1,0,78.03197185892859,5,135.96544908468246,-1
0,1,0,1,63.00900185072278,1,145.51010593438,-1
0,0,0,1,19.93839396480364,4,137.86243596414158,1
0,0,1,0,71.03895235445837,6,132.78508141569407,0
1,0,1,1,30.03878745371174,5,130.21430595390717,1
1,1,1,0,42.32057456095297,2,140.885146740305,-1
0,1,0,0,55.00400412503389,2,149.51557637097866,0
1,1,0,0,89.9133497956793,6,137.3827238761841,-1
1,0,1,0,112.19837112010723,4,137.1438466798609,-1
1,0,1,1,62.134461182723655,6,136.88183235698884,0
1,1,0,0,46.33606762559224,1,140.41087674609716,0
1,0,0,0,60.69011296961101,5,138.81329766848586,1
0,0,1,1,67.75310851747672,1,147.5982925345403,-1
0,0,1,0,43.586647488856165,2,140.1104158344698,-1
0,0,0,0,85.90422711824644,5,140.15515676377137,-1
1,1,1,0,54.60141518382804,6,132.76743189441112,1
1,0,0,1,59.95486178182789,1,149.65479081820772,-1
0,0,0,0,63.318485041089225,3,134.9994578173766,-1
1,0,0,1,58.43173221228911,4,131.46728134919206,-1
0,0,0,0,66.77881000939225,4,143.26292497950416,0
0,1,1,0,37.65493626906154,3,141.90732740313746,-1
0,1,1,1,38.833964921079385,2,138.3029130798549,1
1,0,0,0,27.9969153405661,5,138.44384467761355,-1
1,0,0,0,58.79002461240453,4,145.70127842092862,1
0,0,0,1,65.57873007024229,3,133.91425280199297,-1
0,0,0,1,59.155457323037716,6,146.4050663788978,0
0,0,0,1,83.48984866695075,3,142.97494227790037,1
0,0,1,1,49.88807962341907,2,138.37939547559048,-1
1,1,1,1,63.37483311185025,2,139.16057233167737,1
1,0,1,0,28.165982477213714,1,135.13294414372191,-1
0,1,1,1,42.25800595051198,4,145.0422866539395,1
0,1,0,0,63.91075515131555,1,140.25749484610535,0
1,0,0,0,66.98204221486287,3,136.41709085499687,-1
1,1,0,0,44.12066104671636,5,141.921002315219,-1
0,1,0,1,48.56801496283866,5,149.91468904102646,-1
0,1,0,1,19.64252506638381,2,138.70524559313108,-1
0,1,1,0,42.85941598386781,5,148.4138280155724,-1
1,1,0,1,67.80766327039572,5,136.9003367984913,-1
1,1,1,1,61.50410032213132,5,131.09465413849972,-1
1,0,1,1,60.013314427624195,3,134.08484212736857,1
0,1,1,1,50.9954737436192,5,138.3739028665537,-1
0,1,1,0,50.14126317256353,6,134.39269857189137,-1
1,1,0,0,36.793577210531055,5,130.00454076436512,0
1,0,1,1,63.976568404050695,5,148.30003075495054,-1
0,1,1,0,58.4194588877878,1,146.8775882246186,-1
1,0,1,1,59.84037695985599,3,144.84584462973893,-1
1,1,0,1,39.47930314664839,2,133.35629191292057,1
0,0,0,0,6.9331416025751125,1,132.40727152419973,1
1,0,0,0,71.94305423507392,4,131.35209498944766,-1
0,1,1,0,40.42325087983192,3,144.48058377545843,0
0,1,1,1,32.74448471913759,6,148.5761592137577,0
0,0,0,0,63.86957823827987,3,138.61071641826075,0
0,1,1,1,42.15974720161741,4,132.38281343992097,0
0,0,0,0,71.19872768093244,4,140.24785641464214,0
0,0,0,0,62.34011899153395,4,136.9766381491726,-1
0,0,1,1,63.67138646400955,2,137.49649848699994,-1
1,0,1,1,22.680885775989314,5,142.42661248311416,-1
0,0,1,1,74.23887970772802,3,144.37436226524406,1
0,1,1,1,55.22501062467712,5,132.2120719774632,0
1,0,0,1,42.61445721507594,5,130.71180461612954,1
1,0,0,1,52.86776934684502,6,149.8866060537143,1
1,1,0,1,14.475295342033604,4,134.65456697831104,-1
0,0,0,1,58.173056229613415,2,131.07661049816917,0
1,1,0,0,29.412569836358568,6,133.7975065819184,0
0,1,1,1,22.94659428312931,1,130.77915692696928,1
0,1,0,1,19.55281627564218,2,137.83621789234343,1
0,0,0,0,72.2537674997985,5,146.04803568902648,0
0,0,0,1,37.41473212614423,2,136.82488899515442,-1
1,0,1,0,80.67455419832999,4,138.88366813756733,1
1,1,1,0,39.28397073895404,1,143.51173547134877,-1
0,0,1,1,15.852840848141064,4,140.1778814013976,1
0,1,1,0,27.66951120102682,1,147.22891372042648,1
0,0,0,1,74.71623240013878,6,147.32071350091513,-1
1,1,0,0,46.88203644126665,5,130.19821390982307,0
0,0,1,0,39.034254070187984,1,145.56092612966398,-1
0,0,1,0,53.20036451705575,1,139.2146720048335,-1
1,0,0,1,60.0356547233509,1,149.77681082607327,-1
1,1,0,1,72.34797631804922,2,139.6646415175087,1
0,1,1,0,78.96998459785853,6,149.73791890776596,1
1,0,1,0,42.80462708421828,2,145.09138722411473,1
1,0,1,1,23.479046278359235,5,134.97209769226612,-1
0,1,1,1,41.730696777534476,1,140.76789958573914,1
1,1,0,0,55.20561013165772,6,149.84271278957166,0
0,1,0,0,30.72482147578778,6,147.15061215503846,-1
1,0,0,1,30.85698170209914,3,131.94733787582442,-1
0,1,1,1,56.87575763099771,5,144.12743993619992,-1
0,0,1,1,49.026952968590976,6,136.91159171741626,1
0,1,0,1,50.65593990823173,1,130.13964523760697,0
1,0,0,1,34.83009330599861,1,138.06961938054,0
0,1,0,0,45.39198571588465,6,134.69508843449944,-1
1,1,0,1,31.515337114633912,2,146.37738541040943,0
0,1,1,0,67.80396822249574,5,136.7466121769153,-1
0,1,0,1,70.70498669447505,1,146.55047387907635,-1
1,1,0,0,13.076242755238127,6,130.0119587766959,0
0,0,0,1,31.4097827961518,1,136.1563830005224,-1
0,1,0,1,20.069414898198417,6,134.82330428615523,1
1,1,0,0,36.99952131186204,5,134.67134722137223,-1
0,1,0,0,48.331240604192786,6,131.36373239530926,0
0,0,0,1,21.0070956060294,3,133.74248540821003,-1
0,1,1,1,31.562803737493738,6,141.11099139771238,0
0,0,1,1,29.92085255837003,6,135.8272214567549,-1
1,1,1,1,54.14534658797888,5,138.34789564658297,-1
1,1,1,1,51.38688674072501,6,137.53733760694377,1
0,0,0,0,35.565248933254935,5,147.5180984999979,-1
1,1,1,0,53.53641744278796,3,148.10597998021032,1
0,0,1,1,39.06639830825469,5,139.8591394331172,1
1,0,0,0,44.56689779347894,1,136.60311900631208,-1
0,1,0,0,83.46904180597073,5,132.13601408004726,-1
0,0,1,0,76.80922103580696,3,149.0680575876419,0
0,1,1,1,24.008375261448048,4,131.20453889800595,1
0,1,0,0,66.5946483575835,6,135.9530055513656,1
0,0,1,1,66.22793108983184,5,135.9613240234001,0
0,0,0,0,27.034734224947634,6,136.4080257228043,1
1,0,0,1,66.37555287509721,2,133.28573686544817,-1
0,0,0,0,80.75863836825106,1,145.66322861847394,1
1,1,0,1,27.549103875111722,1,132.4499572393198,1
0,1,1,1,31.649943579714726,2,142.69813318306325,-1
1,0,0,0,70.35322933687004,2,132.47692053411635,-1
1,1,0,1,55.42990621651296,5,131.41071275185914,-1
1,1,1,1,61.02952550479046,2,148.18859007371753,-1
0,1,0,1,56.811784328009935,4,133.80257532637413,1
0,1,1,1,57.813918418562885,6,146.42500309119407,-1
1,0,1,1,23.47055743377834,6,140.8926174221427,-1
0,0,1,1,70.94635413242897,3,131.5571303921754,-1
1,1,0,1,73.39179984855548,2,149.10896382876135,1
0,0,1,1,45.41218511863944,2,134.93922333983784,0
1,0,1,0,49.13046100372275,4,147.19290690705213,-1
1,0,0,0,19.377849948885558,1,133.3762001156913,-1
0,1,1,1,60.2850951203567,1,147.07885764283705,1
1,1,1,1,61.441148834282885,6,130.26457625810588,1
0,1,1,0,48.75617966001378,6,140.23560913138962,-1
1,0,1,0,72.48706719741006,5,145.38885158843112,-1
1,1,1,0,43.31845538040119,4,148.69591034985567,-1
0,1,0,1,61.292118517872005,3,148.18404272412974,-1
0,0,1,0,29.606713226157687,3,146.39249739095288,0
0,1,1,1,49.52895698251524,4,147.76382699322608,1
1,1,0,1,46.512914841943285,3,133.98439371674152,-1
0,0,0,0,54.50615844081883,1,135.6836859142346,1
1,0,0,1,42.60946142333283,3,135.77937049842117,-1
1,0,1,1,47.37054808656664,3,137.54107862003397,0
0,1,0,1,66.52094342883012,4,137.86641340770376,0
0,1,1,1,41.26471525523565,4,140.8911064930935,-1
1,1,1,0,17.868457985226414,3,133.19759526732884,-1
1,0,0,0,84.99167808410841,2,143.8249332757198,0
0,0,0,1,77.62908157380973,4,133.35133078609013,-1
0,1,1,1,24.154746097887628,5,136.20616964209094,-1
0,1,0,0,63.79415610490389,5,140.06690261212307,0
0,0,1,1,39.94050458897314,1,145.92881123046953,1
0,0,0,0,55.26974430662119,3,144.78938466477456,-1
1,0,0,1,55.884482580269875,2,142.91068712821044,1
1,0,0,1,45.31184399367356,1,133.1154652116034,-1
1,1,1,0,34.32468668827207,3,140.94090691231156,1
1,0,0,0,36.18917895367481,4,131.74893003599772,0
0,1,1,0,31.67616169037515,5,137.547263535933,1
0,1,1,0,33.363555835391104,6,138.2703306057992,-1
0,1,1,1,48.65643419901289,2,130.79622878891507,0
1,0,1,0,35.68480021778497,6,135.47976198939944,0
1,0,0,1,63.6410413142524,5,149.1129893453298,-1
0,0,1,0,79.74492310671855,6,149.0726521565938,-1
0,0,1,0,38.39893517259914,4,137.0465410850508,-1
1,1,0,1,54.78809001070754,3,130.8620021789665,-1
1,0,1,0,59.99370220605868,4,133.58189878656364,1
0,0,0,0,59.44004541838549,6,137.8443558686708,-1
0,1,1,0,51.519105358321745,4,148.9555939593846,-1
1,0,0,0,64.85364836719445,5,132.8239812707437,0
0,1,1,1,59.64497905361314,2,145.27031687336424,-1
0,1,0,1,25.246751553454043,4,132.17365078749384,0
0,1,1,0,67.38312128778546,5,149.62515154782554,-1
1,1,1,0,67.74581674533485,2,137.6323299821827,1
1,1,0,0,34.73427791642837,3,145.50469077798112,1
1,1,0,1,50.75875670895204,6,136.85182165622263,1
1,1,0,1,63.66657985622139,3,142.55337754317617,-1
1,1,0,1,45.81372360841277,1,133.84032169480074,1
1,0,1,1,71.45956095532023,5,132.92042038593925,-1
1,0,1,0,97.27744989238721,2,148.76128279136262,-1
0,0,0,0,34.28027934730035,4,148.35294555808866,-1
0,0,1,0,22.379107936924502,3,147.74937880425765,0
0,1,0,1,56.076371912097514,2,142.50866900333187,-1
0,0,0,0,64.43125010252287,5,146.16536422432557,0
0,1,1,1,45.38267252310462,1,131.3807387382275,-1
0,0,1,1,79.06521326642068,3,136.69578083781357,-1
0,0,1,0,23.227884005535024,6,136.2740624951431,0
1,0,1,0,63.858372460632225,2,142.71290643905226,-1
1,1,1,0,37.882783584822135,6,137.11915546941282,0
0,0,1,1,84.38755812414593,2,132.97013563287362,-1
0,1,1,1,89.85030706336237,2,141.92934150827088,1
1,1,0,0,34.666868244333045,5,146.28767841338163,0
0,0,0,0,39.0088572818284,5,137.64246988919948,-1
0,0,0,1,67.19175773959604,5,132.64537430196964,-1
1,0,0,0,42.257387004209704,4,133.93376394625645,0
0,1,0,1,49.091775641355234,2,134.74966610338768,1
1,0,1,1,50.5077684108482,3,135.99795185989072,-1
0,1,0,0,11.606536876046874,6,142.8559014101262,-1
1,1,0,0,49.723245078115255,5,142.01890969075438,1
1,0,0,0,36.20544451871652,5,143.9215972313408,0
1,0,0,0,40.13754355200456,6,137.25003969063027,-1
0,1,0,1,78.87264006937627,6,146.47995303759956,-1
1,1,0,1,24.86986211441487,2,134.08175322311521,-1
0,1,0,1,66.26410373495955,5,139.3808149503631,0
0,0,1,0,44.420741393363826,6,146.0187744308286,-1
0,1,1,1,44.40479663008331,4,133.6031729546524,1
0,0,0,0,65.80743792103422,4,132.19726227481567,-1
1,1,1,0,56.80102589137781,5,147.67367935375978,-1
1,1,1,0,61.41225994439062,6,136.8585932551839,0
0,0,1,0,69.36369321065722,2,143.67740249818064,1
0,1,1,0,43.37383233633354,2,130.50697208527876,1
1,0,0,0,37.755265309844994,2,143.800937768189,-1
0,0,1,1,28.29698946884404,1,136.3220262309394,0
1,1,1,0,33.4917894004209,5,131.11481707174883,0
0,0,1,1,108.9818885061745,2,142.19625523096235,-1
0,0,0,1,74.89359161473573,4,134.81607632146347,-1
1,1,0,0,22.978512675839575,6,137.7361448410376,-1
0,0,0,0,23.5508408651286,3,131.61161624573026,-1
1,0,0,0,59.63732123436983,3,132.9432650218989,1
0,0,0,1,60.94529594755934,2,135.95954470991688,-1
0,1,0,0,60.97767670634729,3,131.79519001120315,1
0,0,0,1,44.900884128926045,3,148.2165252937263,0
1,1,1,0,47.490914799942,1,130.12094086367958,0
0,1,1,0,56.55759048318715,4,139.67720437728622,0
0,0,1,1,51.71786012586661,4,132.46494916265104,-1
0,0,0,1,5.6139925450493,1,136.15358178955898,-1
0,0,0,0,45.404007388496126,1,148.5211911963653,-1
1,1,0,1,32.97187131479373,3,133.23389106547972,0
1,0,0,1,53.50422837817024,5,149.31664639436664,-1
0,0,0,1,109.7051800520682,6,134.11588753978845,1
1,0,1,1,57.34963330948609,6,144.8313221693366,-1
0,0,1,1,43.72940627655204,3,140.93354529794624,-1
0,0,0,0,68.43603003954505,6,147.68957455193518,-1
0,1,0,0,59.653757744184254,1,141.07986511006263,1
1,1,0,1,58.401889809036824,4,140.69118438312617,0
1,0,0,0,62.13701186431342,6,133.909160007368,-1
1,0,1,0,91.13087129659083,3,133.32458724103319,0
1,0,0,1,27.382231293481688,5,148.3297830223103,-1
1,0,0,0,59.47264153622909,3,136.55676397700068,1
1,1,0,1,31.472377400369233,2,137.44164509925793,0
1,0,0,1,61.110252926844964,3,145.19647316856776,-1
1,1,1,0,31.626269770278114,1,136.77646964845616,0
1,1,0,1,41.652663727898315,4,149.04124893278006,-1
0,0,0,1,44.09820171524187,4,144.758555379976,1
1,1,1,1,69.51633438689419,6,141.9485848514684,-1
1,1,1,1,68.36908887884827,1,147.61790321089507,0
1,1,1,1,25.08565247107231,2,130.99211816698966,-1
1,1,0,0,51.098682219996974,1,135.14125384378417,0
1,0,0,0,35.80840290501655,3,139.3007266844182,1
1,0,1,1,24.82990178649331,1,134.53957078943043,0
1,1,1,1,45.65965899151259,1,144.87810374604305,0
1,0,1,0,43.830344230883604,2,148.3841606210745,1
1,0,1,1,98.53432972691044,3,138.47540239861846,-1
1,0,1,0,58.65919650721392,5,136.8426520022379,-1
1,0,1,1,22.447649984915255,5,149.23101464275132,-1
0,0,0,1,38.704519916581155,4,138.89704865655082,1
0,1,0,1,70.42766590858797,6,139.78096800898567,-1
1,0,0,1,91.7688554573985,1,137.0329974468381,0
1,0,1,1,18.280333755240832,4,148.19096946024277,0
0,0,1,1,12.4015122972191,2,141.379109665637,-1
